{"is_source_file": true, "file_id": 5, "git_revision": "", "state": 1, "description": "", "external_files": [], "external_methods": [], "published": [], "classes": [], "methods": [], "calls": [], "search-terms": [], "ctags": [{"_type": "tag", "name": "root", "path": "/home/kavia/workspace/code-generation/gourmet-express-219451-219462/frontend_app/src/index.js", "pattern": "/^const root = ReactDOM.createRoot(document.getElementById('root'));$/", "language": "JavaScript", "kind": "constant"}], "format": "JavaScript", "hash": null, "format-version": 4, "code-base-name": "frontend_app", "filename": "frontend_app/src/index.js", "knowledge_revision": 10}